portfolio,cost_usd,projects,nominal_tonnes,expected_tonnes,required_reliability,shared_latent_variance,success_rate,ci_low,ci_high,p05_tonnes,mean_shortfall,within_budget,meets_modelled_requirement,tonnes_weighted_quality_score
Cheapest nominal,94276.70000000001,2,100000.0,81276.7,0.95,0,0.6829,0.673710619015755,0.6919489143802514,25534.0,18410.1156,True,False,0.49986596
Cheapest nominal,94276.70000000001,2,100000.0,81276.7,0.95,0.3,0.6875,0.6783447831493327,0.6965112174616636,25534.0,18332.2516,True,False,0.49986596
Cheapest nominal,94276.70000000001,2,100000.0,81276.7,0.95,0.6,0.6906,0.6814683929181055,0.6995852269029926,25534.0,18592.038,True,False,0.49986596
Cheapest expected,115294.11764705883,1,117647.05882352941,100000.0,0.95,0,0.8506,0.843478489615731,0.8574522507267506,0.0,14940.0,True,False,0.272
Cheapest expected,115294.11764705883,1,117647.05882352941,100000.0,0.95,0.3,0.8484,0.8412372188917239,0.8552952110435887,0.0,15160.0,True,False,0.272
Cheapest expected,115294.11764705883,1,117647.05882352941,100000.0,0.95,0.6,0.8461,0.8388946212218444,0.8530395751059732,0.0,15390.0,True,False,0.272
Diversified candidate,181658.56,13,166671.0,144547.16,0.95,0,0.9927,0.9908319591742815,0.9941896488312537,116669.5,77.158,True,True,0.4248466259877244
Diversified candidate,181658.56,13,166671.0,144547.16,0.95,0.3,0.9831,0.9803818410813093,0.9854471396929428,110970.0,182.33945,True,True,0.4248466259877244
Diversified candidate,181658.56,13,166671.0,144547.16,0.95,0.6,0.9699,0.9663665003399703,0.9730726179912678,105330.5,426.43355,True,True,0.4248466259877244
