model,events_alerted,events_evaluable,positive_alerts,alerts,unknown_outcome_alerts,accuracy,mean_fold_roc_auc,mean_fold_average_precision,fold_ap_std,pooled_average_precision,weather_matched_concordance
logistic_weather,2,25,2,14256,6414,0.9849553572262281,0.8116301751806041,0.0021396107141118236,0.002265026035984642,0.0009723490596274188,0.5
logistic_radar,0,25,0,14256,6361,0.984848909282074,0.799657101520499,0.0018013797321346544,0.001799324354144242,0.000910243037427336,0.4272158986225482
extra_trees_weather,2,25,2,14256,6573,0.9852522909651841,0.8195551861478872,0.017699108178461265,0.017599372899358093,0.006748706505541405,0.5
extra_trees_radar,2,25,2,14256,6503,0.9851215654197317,0.7882428023115757,0.013710631321096789,0.012055786859405985,0.0064107177404479545,0.4148495295554119
boosting_weather,3,25,4,14256,6559,0.9852336158872623,0.7809241804795508,0.007708486811597792,0.0061607456811460844,0.00466799764168387,0.5
boosting_radar,1,25,1,14256,6772,0.9856201900002428,0.7776147497252496,0.005155343399141793,0.002120992082702616,0.0033580218158865385,0.5395379790712271
auto_selected,2,25,3,14256,6643,0.9853867515262208,0.8295976392412155,0.013974086688181536,0.011897709245237755,0.007961646936553716,0.4990196078431373
random_forest_weather,6,25,6,14256,6609,0.9853344613080398,0.8146563812499308,0.006297584220646126,0.008666333087508962,0.002793666599397773,0.5
random_forest_radar,3,25,3,14256,6611,0.9853269912768711,0.7628047966281318,0.003350023834622491,0.002662018604482153,0.002036872032283063,0.45483193277310924
cems_fwi_reference,2,25,2,14256,6236,0.9846229408392206,0.6289354193201945,0.0008460829930901529,0.0005003401487352164,0.000701292626918391,0.5
