event_group_id,cv_fold,positive_rows,strong_weather_best_rank,cems_fwi_reference_best_rank
burncluster_001,2,10,1,32
burncluster_002,2,7,1,19
burncluster_003,1,3,69,71
burncluster_005,3,6,3,41
burncluster_006,0,3,4,3
burncluster_007,4,6,27,29
burncluster_009,4,1,32,11
burncluster_010,1,13,1,1
burncluster_011,3,5,37,22
burncluster_012,4,12,6,3
burncluster_013,3,2,39,94
burncluster_015,1,7,1,59
burncluster_017,2,15,6,3
burncluster_018,0,1,11,20
burncluster_019,3,42,3,3
burncluster_021,2,2,2,42
burncluster_022,1,8,25,9
burncluster_027,0,3,15,6
burncluster_029,1,2,3,63
burncluster_030,3,15,2,15
burncluster_031,2,11,1,1
burncluster_033,0,8,1,7
burncluster_034,4,12,4,3
burncluster_036,0,1,6,14
burncluster_037,1,23,8,5
